EID Prefix,Reply Type,Received From,RLOC Addresses,RLOC Priorities,RLOC Weights,RLOC States,New Deployed Changed,Configuration Changed ,Statistical Changed,Recieved From Changed,Received From not RLOCs ,Received From RLOCs ,Received From Map Resolver ,Number of Timestamp,Total Number of Timestamp
0.0.0.0:3,Negative Reply,193.162.145.50,[''],[''],[''],[''],0,0,0,0,0,0,166,166,299
128.0.0.0:6,Negative Reply,193.162.145.50,[''],[''],[''],[''],0,0,0,0,0,0,63,63,299
132.0.0.0:9,Negative Reply,193.162.145.50,[''],[''],[''],[''],0,0,0,0,0,0,53,53,299
132.128.0.0:10,Negative Reply,193.162.145.50,[''],[''],[''],[''],0,0,0,0,0,0,60,60,299
132.192.0.0:11,Negative Reply,193.162.145.50,[''],[''],[''],[''],0,0,0,0,0,0,45,45,299
132.224.0.0:15,Negative Reply,193.162.145.50,[''],[''],[''],[''],0,0,0,0,0,0,38,38,299
132.226.0.0:16,Negative Reply,193.162.145.50,[''],[''],[''],[''],0,0,0,0,0,0,41,41,299
132.227.0.0:18,Negative Reply,193.162.145.50,[''],[''],[''],[''],0,0,0,0,0,0,34,34,299
132.227.112.0:21,Negative Reply,193.162.145.50,[''],[''],[''],[''],0,0,0,0,0,0,29,29,299
132.227.120.128:30,LISP Reply,137.194.18.130,"['137.194.18.130', '2001:660:330f:a100::89c2:1282']","['10', '20']","['100', '100']","['Up', 'Up']",0,0,0,0,0,15,0,15,299
132.227.120.132:30,Negative Reply,193.162.145.50,[''],[''],[''],[''],0,0,0,0,0,0,13,13,299
132.227.120.136:29,LISP Reply,137.194.18.130,"['137.194.18.130', '137.194.18.139']","['255', '10']","['100', '100']","['Up', 'Up']",0,0,0,0,0,15,0,15,299
132.227.120.144:28,Negative Reply,193.162.145.50,[''],[''],[''],[''],0,0,0,0,0,0,13,13,299
132.227.120.160:29,Negative Reply,193.162.145.50,[''],[''],[''],[''],0,0,0,0,0,0,12,12,299
132.227.120.16:28,Negative Reply,193.162.145.50,[''],[''],[''],[''],0,0,0,0,0,0,20,20,299
132.227.120.176:28,LISP Reply,132.227.62.242,"['132.227.62.242', '2001:660:3302:282c:240::242']","['1', '2']","['100', '100']","['Up', 'Up']",0,0,0,0,0,15,0,15,299
132.227.120.192:28,Negative Reply,193.162.145.50,[''],[''],[''],[''],0,0,0,0,0,0,13,13,299
132.227.120.208:29,Negative Reply,193.162.145.50,[''],[''],[''],[''],0,0,0,0,0,0,13,13,299
132.227.120.216:29,Negative Reply,193.162.145.50,[''],[''],[''],[''],0,0,0,0,0,0,12,12,299
132.227.120.224:29,Negative Reply,193.162.145.50,[''],[''],[''],[''],0,0,0,0,0,0,12,12,299
132.227.120.232:29,Negative Reply,193.162.145.50,[''],[''],[''],[''],0,0,0,0,0,0,12,12,299
132.227.120.240:29,Negative Reply,193.162.145.50,[''],[''],[''],[''],0,0,0,0,0,0,10,10,299
132.227.120.248:29,Negative Reply,193.162.145.50,[''],[''],[''],[''],0,0,0,0,0,0,10,10,299
132.227.120.32:32,Negative Reply,193.162.145.50,[''],[''],[''],[''],0,0,0,0,0,0,20,20,299
132.227.120.33:32,Negative Reply,193.162.145.50,[''],[''],[''],[''],0,0,0,0,0,0,20,20,299
132.227.120.34:32,Negative Reply,193.162.145.50,[''],[''],[''],[''],0,0,0,0,0,0,20,20,299
132.227.120.35:32,Negative Reply,193.162.145.50,[''],[''],[''],[''],0,0,0,0,0,0,19,19,299
132.227.120.40:32,Negative Reply,193.162.145.50,[''],[''],[''],[''],0,0,0,0,0,0,16,16,299
132.227.120.41:32,Negative Reply,193.162.145.50,[''],[''],[''],[''],0,0,0,0,0,0,17,17,299
132.227.120.42:32,Negative Reply,193.162.145.50,[''],[''],[''],[''],0,0,0,0,0,0,16,16,299
132.227.120.43:32,Negative Reply,193.162.145.50,[''],[''],[''],[''],0,0,0,0,0,0,16,16,299
132.227.120.44:32,Negative Reply,193.162.145.50,[''],[''],[''],[''],0,0,0,0,0,0,16,16,299
132.227.120.45:32,Negative Reply,193.162.145.50,[''],[''],[''],[''],0,0,0,0,0,0,16,16,299
132.227.120.46:32,Negative Reply,193.162.145.50,[''],[''],[''],[''],0,0,0,0,0,0,16,16,299
132.227.120.47:32,Negative Reply,193.162.145.50,[''],[''],[''],[''],0,0,0,0,0,0,15,15,299
132.227.120.48:28,Negative Reply,193.162.145.50,[''],[''],[''],[''],0,0,0,0,0,0,15,15,299
132.227.120.64:28,Negative Reply,193.162.145.50,[''],[''],[''],[''],0,0,0,0,0,0,15,15,299
132.227.120.80:28,Negative Reply,193.162.145.50,[''],[''],[''],[''],0,0,0,0,0,0,15,15,299
132.227.120.96:28,Negative Reply,193.162.145.50,[''],[''],[''],[''],0,0,0,0,0,0,15,15,299
132.227.121.0:24,Negative Reply,193.162.145.50,[''],[''],[''],[''],0,0,0,0,0,0,16,16,299
132.227.122.0:23,Negative Reply,193.162.145.50,[''],[''],[''],[''],0,0,0,0,0,0,18,18,299
132.227.124.0:22,Negative Reply,193.162.145.50,[''],[''],[''],[''],0,0,0,0,0,0,20,20,299
132.227.128.0:17,Negative Reply,193.162.145.50,[''],[''],[''],[''],0,0,0,0,0,0,26,26,299
132.227.64.0:19,Negative Reply,193.162.145.50,[''],[''],[''],[''],0,0,0,0,0,0,28,28,299
132.227.96.0:20,Negative Reply,193.162.145.50,[''],[''],[''],[''],0,0,0,0,0,0,28,28,299
132.228.0.0:14,Negative Reply,193.162.145.50,[''],[''],[''],[''],0,0,0,0,0,0,23,23,299
132.232.0.0:13,Negative Reply,193.162.145.50,[''],[''],[''],[''],0,0,0,0,0,0,22,22,299
132.240.0.0:12,Negative Reply,193.162.145.50,[''],[''],[''],[''],0,0,0,0,0,0,27,27,299
133.0.0.0:8,Negative Reply,193.162.145.50,[''],[''],[''],[''],0,0,0,0,0,0,53,53,299
134.0.0.0:7,Negative Reply,193.162.145.50,[''],[''],[''],[''],0,0,0,0,0,0,58,58,299
136.0.0.0:5,Negative Reply,193.162.145.50,[''],[''],[''],[''],0,0,0,0,0,0,59,59,299
144.0.0.0:7,Negative Reply,193.162.145.50,[''],[''],[''],[''],0,0,0,0,0,0,53,53,299
146.0.0.0:8,Negative Reply,193.162.145.50,[''],[''],[''],[''],0,0,0,0,0,0,33,33,299
147.0.0.0:10,Negative Reply,193.162.145.50,[''],[''],[''],[''],0,0,0,0,0,0,27,27,299
147.128.0.0:9,Negative Reply,193.162.145.50,[''],[''],[''],[''],0,0,0,0,0,0,27,27,299
147.64.0.0:12,Negative Reply,193.162.145.50,[''],[''],[''],[''],0,0,0,0,0,0,25,25,299
147.80.0.0:15,Negative Reply,193.162.145.50,[''],[''],[''],[''],0,0,0,0,0,0,22,22,299
147.82.0.0:16,Negative Reply,193.162.145.50,[''],[''],[''],[''],0,0,0,0,0,0,16,16,299
147.83.0.0:17,Negative Reply,193.162.145.50,[''],[''],[''],[''],0,0,0,0,0,0,19,19,299
147.83.128.0:23,Negative Reply,193.162.145.50,[''],[''],[''],[''],0,0,0,0,0,0,16,16,299
147.83.130.0:24,Negative Reply,193.162.145.50,[''],[''],[''],[''],0,0,0,0,0,0,13,13,299
147.83.131.0:25,Negative Reply,193.162.145.50,[''],[''],[''],[''],0,0,0,0,0,0,19,19,299
147.83.131.128:26,Negative Reply,193.162.145.50,[''],[''],[''],[''],0,0,0,0,0,0,19,19,299
147.83.131.192:27,Negative Reply,193.162.145.50,[''],[''],[''],[''],0,0,0,0,0,0,16,16,299
147.83.131.224:32,Negative Reply,193.162.145.50,[''],[''],[''],[''],0,0,0,0,0,0,11,11,299
147.83.131.225:32,Negative Reply,193.162.145.50,[''],[''],[''],[''],0,0,0,0,0,0,11,11,299
147.83.131.226:32,Negative Reply,193.162.145.50,[''],[''],[''],[''],0,0,0,0,0,0,11,11,299
147.83.131.227:32,Negative Reply,193.162.145.50,[],[],[],[],1,0,0,1,4,0,8,12,299
147.83.131.228:32,Negative Reply,193.162.145.50,[''],[''],[''],[''],0,0,0,0,0,0,11,11,299
147.83.131.229:32,Negative Reply,193.162.145.50,[''],[''],[''],[''],0,0,0,0,0,0,12,12,299
147.83.131.230:31,Negative Reply,193.162.145.50,[''],[''],[''],[''],0,0,0,0,0,0,15,15,299
147.83.131.232:29,Negative Reply,193.162.145.50,[''],[''],[''],[''],0,0,0,0,0,0,18,18,299
147.83.131.240:28,Negative Reply,193.162.145.50,[''],[''],[''],[''],0,0,0,0,0,0,19,19,299
147.83.132.0:22,Negative Reply,193.162.145.50,[''],[''],[''],[''],0,0,0,0,0,0,19,19,299
147.83.136.0:21,Negative Reply,193.162.145.50,[''],[''],[''],[''],0,0,0,0,0,0,18,18,299
147.83.144.0:20,Negative Reply,193.162.145.50,[''],[''],[''],[''],0,0,0,0,0,0,15,15,299
147.83.160.0:19,Negative Reply,193.162.145.50,[''],[''],[''],[''],0,0,0,0,0,0,18,18,299
147.83.192.0:18,Negative Reply,193.162.145.50,[''],[''],[''],[''],0,0,0,0,0,0,18,18,299
147.84.0.0:14,Negative Reply,193.162.145.50,[''],[''],[''],[''],0,0,0,0,0,0,18,18,299
147.88.0.0:13,Negative Reply,193.162.145.50,[''],[''],[''],[''],0,0,0,0,0,0,25,25,299
147.96.0.0:11,Negative Reply,193.162.145.50,[''],[''],[''],[''],0,0,0,0,0,0,28,28,299
148.0.0.0:6,Negative Reply,193.162.145.50,[''],[''],[''],[''],0,0,0,0,0,0,48,48,299
152.0.0.0:8,Negative Reply,193.162.145.50,[''],[''],[''],[''],0,0,0,0,0,0,31,31,299
153.0.0.0:12,Negative Reply,193.162.145.50,[''],[''],[''],[''],0,0,0,0,0,0,19,19,299
153.128.0.0:9,Negative Reply,193.162.145.50,[''],[''],[''],[''],0,0,0,0,0,0,175,175,299
153.16.0.0:24,Negative Reply,193.162.145.50,[''],[''],[''],[''],0,0,0,0,0,0,6,6,299
153.16.1.0:24,Negative Reply,193.162.145.50,[''],[''],[''],[''],0,0,0,0,0,0,2,2,299
153.16.10.0:24,Negative Reply,193.162.145.50,[''],[''],[''],[''],0,0,0,0,0,0,87,87,299
153.16.11.0:24,Negative Reply,193.162.145.50,[''],[''],[''],[''],0,0,0,0,0,0,69,69,299
153.16.12.0:26,Negative Reply,193.162.145.50,[''],[''],[''],[''],0,0,0,0,0,0,29,29,299
153.16.12.128:26,Negative Reply,193.162.145.50,[''],[''],[''],[''],0,0,0,0,0,0,54,54,299
153.16.12.192:27,Negative Reply,193.162.145.50,[''],[''],[''],[''],0,0,0,0,0,0,44,44,299
153.16.12.224:28,Negative Reply,193.162.145.50,[''],[''],[''],[''],0,0,0,0,0,0,36,36,299
153.16.12.240:29,Negative Reply,193.162.145.50,[''],[''],[''],[''],0,0,0,0,0,0,19,19,299
153.16.12.248:29,Negative Reply,193.162.145.50,[''],[''],[''],[''],0,0,0,0,0,0,34,34,299
153.16.12.64:26,Negative Reply,193.162.145.50,[''],[''],[''],[''],0,0,0,0,0,0,48,48,299
153.16.13.0:28,LISP Reply,173.228.9.248,['173.228.9.248'],['1'],['100'],['Up'],0,0,0,0,0,55,0,55,299
153.16.13.112:28,Negative Reply,193.162.145.50,[''],[''],[''],[''],0,0,0,0,0,0,45,45,299
153.16.13.128:28,Negative Reply,193.162.145.50,[''],[''],[''],[''],0,0,0,0,0,0,15,15,299
153.16.13.144:28,Negative Reply,193.162.145.50,[''],[''],[''],[''],0,0,0,0,0,0,14,14,299
153.16.13.160:28,Negative Reply,193.162.145.50,[''],[''],[''],[''],0,0,0,0,0,0,18,18,299
153.16.13.16:28,Negative Reply,193.162.145.50,[''],[''],[''],[''],0,0,0,0,0,0,52,52,299
153.16.13.176:28,LISP Reply,76.102.34.4,['76.102.34.4'],['1'],['50'],['Up'],0,0,0,0,0,36,0,36,299
153.16.13.192:28,Negative Reply,193.162.145.50,[''],[''],[''],[''],0,0,0,0,0,0,16,16,299
153.16.13.208:28,LISP Reply,50.174.210.10,['50.174.210.10'],['1'],['100'],['Up'],0,0,0,0,0,31,0,31,299
153.16.13.224:28,Negative Reply,193.162.145.50,[''],[''],[''],[''],0,0,0,0,0,0,8,8,299
153.16.13.240:28,Negative Reply,193.162.145.50,[''],[''],[''],[''],0,0,0,0,0,0,24,24,299
153.16.13.32:28,LISP Reply,108.245.189.84,['108.245.189.84'],['1'],['100'],['Up'],0,0,0,0,0,54,0,54,299
153.16.13.48:28,Negative Reply,193.162.145.50,[''],[''],[''],[''],0,0,0,0,0,0,53,53,299
153.16.13.64:28,Negative Reply,193.162.145.50,[''],[''],[''],[''],0,0,0,0,0,0,16,16,299
153.16.13.80:28,LISP Reply,107.3.187.25,['107.3.187.25'],['10'],['50'],['Up'],0,0,0,0,0,48,0,48,299
153.16.13.96:28,Negative Reply,193.162.145.50,[''],[''],[''],[''],0,0,0,0,0,0,15,15,299
153.16.14.0:26,Negative Reply,193.162.145.50,[''],[''],[''],[''],0,0,0,0,0,0,24,24,299
153.16.14.128:25,Negative Reply,193.162.145.50,[''],[''],[''],[''],0,0,0,0,0,0,23,23,299
153.16.14.64:26,Negative Reply,193.162.145.50,[''],[''],[''],[''],0,0,0,0,0,0,25,25,299
153.16.15.0:24,Negative Reply,193.162.145.50,[''],[''],[''],[''],0,0,0,0,0,0,15,15,299
153.16.16.0:24,Negative Reply,193.162.145.50,[''],[''],[''],[''],0,0,0,0,0,0,10,10,299
153.16.160.0:19,Negative Reply,193.162.145.50,[''],[''],[''],[''],0,0,0,0,0,0,178,178,299
153.16.17.112:28,Negative Reply,193.162.145.50,[''],[''],[''],[''],0,0,0,0,0,0,4,4,299
153.16.17.128:28,Negative Reply,193.162.145.50,[''],[''],[''],[''],0,0,0,0,0,0,1,1,299
153.16.17.144:28,Negative Reply,193.162.145.50,[''],[''],[''],[''],0,0,0,0,0,0,4,4,299
153.16.17.160:28,Negative Reply,193.162.145.50,[''],[''],[''],[''],0,0,0,0,0,0,1,1,299
153.16.17.16:28,LISP Reply,24.94.13.140,['24.94.13.140'],['1'],['1'],['Up'],0,0,0,0,0,7,0,7,299
153.16.17.176:28,Negative Reply,193.162.145.50,[''],[''],[''],[''],0,0,0,0,0,0,2,2,299
153.16.17.192:28,Negative Reply,193.162.145.50,[''],[''],[''],[''],0,0,0,0,0,0,2,2,299
153.16.17.208:28,Negative Reply,193.162.145.50,[''],[''],[''],[''],0,0,0,0,0,0,2,2,299
153.16.17.224:28,Negative Reply,193.162.145.50,[''],[''],[''],[''],0,0,0,0,0,0,2,2,299
153.16.17.240:28,Negative Reply,193.162.145.50,[''],[''],[''],[''],0,0,0,0,0,0,2,2,299
153.16.17.32:28,Negative Reply,193.162.145.50,[''],[''],[''],[''],0,0,0,0,0,0,7,7,299
153.16.17.48:28,Negative Reply,193.162.145.50,[''],[''],[''],[''],0,0,0,0,0,0,5,5,299
153.16.17.64:28,Negative Reply,193.162.145.50,[''],[''],[''],[''],0,0,0,0,0,0,4,4,299
153.16.17.80:28,Negative Reply,193.162.145.50,[''],[''],[''],[''],0,0,0,0,0,0,3,3,299
153.16.17.96:28,Negative Reply,193.162.145.50,[''],[''],[''],[''],0,0,0,0,0,0,4,4,299
153.16.18.112:28,Negative Reply,193.162.145.50,[''],[''],[''],[''],0,0,0,0,0,0,3,3,299
153.16.18.128:28,Negative Reply,193.162.145.50,[''],[''],[''],[''],0,0,0,0,0,0,2,2,299
153.16.18.144:28,Negative Reply,193.162.145.50,[''],[''],[''],[''],0,0,0,0,0,0,1,1,299
153.16.18.160:28,Negative Reply,193.162.145.50,[''],[''],[''],[''],0,0,0,0,0,0,1,1,299
153.16.18.16:28,Negative Reply,193.162.145.50,[''],[''],[''],[''],0,0,0,0,0,0,1,1,299
153.16.18.176:28,Negative Reply,193.162.145.50,[''],[''],[''],[''],0,0,0,0,0,0,3,3,299
153.16.18.192:28,Negative Reply,193.162.145.50,[''],[''],[''],[''],0,0,0,0,0,0,2,2,299
153.16.18.208:28,Negative Reply,193.162.145.50,[''],[''],[''],[''],0,0,0,0,0,0,1,1,299
153.16.18.224:27,Negative Reply,193.162.145.50,[''],[''],[''],[''],0,0,0,0,0,0,2,2,299
153.16.18.48:28,Negative Reply,193.162.145.50,[''],[''],[''],[''],0,0,0,0,0,0,1,1,299
153.16.18.64:28,Negative Reply,193.162.145.50,[''],[''],[''],[''],0,0,0,0,0,0,2,2,299
153.16.18.80:28,Negative Reply,193.162.145.50,[''],[''],[''],[''],0,0,0,0,0,0,1,1,299
153.16.18.96:28,LISP Reply,68.177.12.182,['170.40.251.1'],['1'],['100'],['Up'],0,0,0,0,3,0,0,3,299
153.16.19.0:24,Negative Reply,193.162.145.50,[''],[''],[''],[''],0,0,0,0,0,0,1,1,299
153.16.192.0:18,Negative Reply,193.162.145.50,[''],[''],[''],[''],0,0,0,0,0,0,166,166,299
153.16.2.0:24,Negative Reply,193.162.145.50,[''],[''],[''],[''],0,0,0,0,0,0,2,2,299
153.16.20.0:24,Negative Reply,193.162.145.50,[''],[''],[''],[''],0,0,0,0,0,0,1,1,299
153.16.21.193:32,Negative Reply,193.162.145.50,[''],[''],[''],[''],0,0,0,0,0,0,1,1,299
153.16.21.194:32,Negative Reply,193.162.145.50,[''],[''],[''],[''],0,0,0,0,0,0,1,1,299
153.16.21.195:32,Negative Reply,193.162.145.50,[''],[''],[''],[''],0,0,0,0,0,0,1,1,299
153.16.21.196:32,Negative Reply,193.162.145.50,[''],[''],[''],[''],0,0,0,0,0,0,1,1,299
153.16.21.199:32,Negative Reply,193.162.145.50,[''],[''],[''],[''],0,0,0,0,0,0,1,1,299
153.16.21.201:32,Negative Reply,193.162.145.50,[''],[''],[''],[''],0,0,0,0,0,0,1,1,299
153.16.21.204:32,Negative Reply,193.162.145.50,[''],[''],[''],[''],0,0,0,0,0,0,1,1,299
153.16.21.205:32,Negative Reply,193.162.145.50,[''],[''],[''],[''],0,0,0,0,0,0,1,1,299
153.16.21.206:32,Negative Reply,193.162.145.50,[''],[''],[''],[''],0,0,0,0,0,0,1,1,299
153.16.21.207:32,Negative Reply,193.162.145.50,[''],[''],[''],[''],0,0,0,0,0,0,1,1,299
153.16.21.211:32,Negative Reply,193.162.145.50,[''],[''],[''],[''],0,0,0,0,0,0,1,1,299
153.16.21.212:32,Negative Reply,193.162.145.50,[''],[''],[''],[''],0,0,0,0,0,0,1,1,299
153.16.21.213:32,Negative Reply,193.162.145.50,[''],[''],[''],[''],0,0,0,0,0,0,1,1,299
153.16.21.65:32,Negative Reply,193.162.145.50,[''],[''],[''],[''],0,0,0,0,0,0,1,1,299
153.16.21.66:32,Negative Reply,193.162.145.50,[''],[''],[''],[''],0,0,0,0,0,0,1,1,299
153.16.21.67:32,Negative Reply,193.162.145.50,[''],[''],[''],[''],0,0,0,0,0,0,1,1,299
153.16.21.68:32,Negative Reply,193.162.145.50,[''],[''],[''],[''],0,0,0,0,0,0,1,1,299
153.16.21.69:32,Negative Reply,193.162.145.50,[''],[''],[''],[''],0,0,0,0,0,0,1,1,299
153.16.21.70:32,Negative Reply,193.162.145.50,[''],[''],[''],[''],0,0,0,0,0,0,1,1,299
153.16.21.71:32,Negative Reply,193.162.145.50,[''],[''],[''],[''],0,0,0,0,0,0,1,1,299
153.16.21.72:32,Negative Reply,193.162.145.50,[''],[''],[''],[''],0,0,0,0,0,0,1,1,299
153.16.21.73:32,Negative Reply,193.162.145.50,[''],[''],[''],[''],0,0,0,0,0,0,1,1,299
153.16.21.74:32,Negative Reply,193.162.145.50,[''],[''],[''],[''],0,0,0,0,0,0,1,1,299
153.16.22.0:26,Negative Reply,193.162.145.50,[''],[''],[''],[''],0,0,0,0,0,0,2,2,299
153.16.22.192:32,Negative Reply,193.162.145.50,[''],[''],[''],[''],0,0,0,0,0,0,2,2,299
153.16.22.193:32,Negative Reply,193.162.145.50,[''],[''],[''],[''],0,0,0,0,0,0,2,2,299
153.16.22.194:32,Negative Reply,193.162.145.50,[''],[''],[''],[''],0,0,0,0,0,0,1,1,299
153.16.22.195:32,Negative Reply,193.162.145.50,[''],[''],[''],[''],0,0,0,0,0,0,1,1,299
153.16.22.196:32,Negative Reply,193.162.145.50,[''],[''],[''],[''],0,0,0,0,0,0,2,2,299
153.16.22.197:32,Negative Reply,193.162.145.50,[''],[''],[''],[''],0,0,0,0,0,0,1,1,299
153.16.22.198:32,Negative Reply,193.162.145.50,[''],[''],[''],[''],0,0,0,0,0,0,1,1,299
153.16.22.199:32,Negative Reply,193.162.145.50,[''],[''],[''],[''],0,0,0,0,0,0,2,2,299
153.16.22.200:29,Negative Reply,193.162.145.50,[''],[''],[''],[''],0,0,0,0,0,0,2,2,299
153.16.22.208:32,Negative Reply,193.162.145.50,[''],[''],[''],[''],0,0,0,0,0,0,2,2,299
153.16.22.209:32,Negative Reply,193.162.145.50,[''],[''],[''],[''],0,0,0,0,0,0,2,2,299
153.16.22.210:32,Negative Reply,193.162.145.50,[''],[''],[''],[''],0,0,0,0,0,0,2,2,299
153.16.22.211:32,Negative Reply,193.162.145.50,[''],[''],[''],[''],0,0,0,0,0,0,2,2,299
153.16.22.212:32,Negative Reply,193.162.145.50,[''],[''],[''],[''],0,0,0,0,0,0,2,2,299
153.16.22.213:32,Negative Reply,193.162.145.50,[''],[''],[''],[''],0,0,0,0,0,0,1,1,299
153.16.22.214:32,Negative Reply,193.162.145.50,[''],[''],[''],[''],0,0,0,0,0,0,1,1,299
153.16.22.215:32,Negative Reply,193.162.145.50,[''],[''],[''],[''],0,0,0,0,0,0,1,1,299
153.16.22.216:32,Negative Reply,193.162.145.50,[''],[''],[''],[''],0,0,0,0,0,0,2,2,299
153.16.22.217:32,Negative Reply,193.162.145.50,[''],[''],[''],[''],0,0,0,0,0,0,1,1,299
153.16.22.218:32,Negative Reply,193.162.145.50,[''],[''],[''],[''],0,0,0,0,0,0,2,2,299
153.16.22.219:32,Negative Reply,193.162.145.50,[''],[''],[''],[''],0,0,0,0,0,0,2,2,299
153.16.22.220:30,Negative Reply,193.162.145.50,[''],[''],[''],[''],0,0,0,0,0,0,2,2,299
153.16.22.224:27,Negative Reply,193.162.145.50,[''],[''],[''],[''],0,0,0,0,0,0,1,1,299
153.16.22.65:32,Negative Reply,193.162.145.50,[''],[''],[''],[''],0,0,0,0,0,0,1,1,299
153.16.22.66:32,Negative Reply,193.162.145.50,[''],[''],[''],[''],0,0,0,0,0,0,1,1,299
153.16.22.67:32,LISP Reply,24.51.209.235,['24.51.209.235'],['1'],['100'],['Up'],0,0,0,0,0,1,0,1,299
153.16.22.68:32,Negative Reply,193.162.145.50,[''],[''],[''],[''],0,0,0,0,0,0,1,1,299
153.16.23.144:28,LISP Reply,199.21.117.195,['199.21.116.245'],['1'],['100'],['Up'],0,0,0,0,1,0,0,1,299
153.16.23.160:28,Negative Reply,193.162.145.50,[''],[''],[''],[''],0,0,0,0,0,0,2,2,299
153.16.23.224:28,Negative Reply,193.162.145.50,[''],[''],[''],[''],0,0,0,0,0,0,2,2,299
153.16.25.0:28,LISP Reply,96.231.59.40,['96.231.59.40'],['1'],['50'],['Up'],0,0,0,0,0,1,0,1,299
153.16.25.112:28,Negative Reply,193.162.145.50,[''],[''],[''],[''],0,0,0,0,0,0,1,1,299
153.16.26.0:28,Negative Reply,193.162.145.50,[''],[''],[''],[''],0,0,0,0,0,0,2,2,299
153.16.26.32:28,Negative Reply,193.162.145.50,[''],[''],[''],[''],0,0,0,0,0,0,1,1,299
153.16.28.0:24,Negative Reply,193.162.145.50,[''],[''],[''],[''],0,0,0,0,0,0,136,136,299
153.16.29.0:28,LISP Reply,70.80.236.44,['70.80.236.44'],['1'],['1'],['Up'],0,6,0,1,0,74,0,74,299
153.16.29.112:28,Negative Reply,193.162.145.50,[''],[''],[''],[''],0,0,0,0,0,0,33,33,299
153.16.29.128:25,Negative Reply,193.162.145.50,[''],[''],[''],[''],0,0,0,0,0,0,138,138,299
153.16.29.16:28,LISP Reply,73.12.9.178,['73.12.9.178'],['1'],['1'],['Up'],0,0,0,0,0,110,0,110,299
153.16.29.32:28,LISP Reply,208.102.188.222,['208.102.188.222'],['1'],['1'],['Up'],2,0,0,2,0,112,4,116,299
153.16.29.48:28,Negative Reply,193.162.145.50,[''],[''],[''],[''],0,0,0,0,0,0,38,38,299
153.16.29.64:28,Negative Reply,193.162.145.50,[''],[''],[''],[''],0,0,0,0,0,0,54,54,299
153.16.29.80:28,Negative Reply,193.162.145.50,[''],[''],[''],[''],0,0,0,0,0,0,42,42,299
153.16.29.96:28,Negative Reply,193.162.145.50,[''],[''],[''],[''],0,0,0,0,0,0,56,56,299
153.16.3.0:24,Negative Reply,193.162.145.50,[''],[''],[''],[''],0,0,0,0,0,0,1,1,299
153.16.30.0:28,Negative Reply,193.162.145.50,[''],[''],[''],[''],0,0,0,0,0,0,45,45,299
153.16.30.112:28,Negative Reply,193.162.145.50,[''],[''],[''],[''],0,0,0,0,0,0,46,46,299
153.16.30.128:28,Negative Reply,193.162.145.50,[''],[''],[''],[''],0,0,0,0,0,0,37,37,299
153.16.30.144:28,Negative Reply,193.162.145.50,[''],[''],[''],[''],0,0,0,0,0,0,27,27,299
153.16.30.160:29,Negative Reply,193.162.145.50,[''],[''],[''],[''],0,0,0,0,0,0,5,5,299
153.16.30.160:30,LISP Reply,24.51.209.235,['24.51.209.235'],['1'],['100'],['Up'],0,0,0,0,0,76,0,76,299
153.16.30.164:30,Negative Reply,193.162.145.50,[''],[''],[''],[''],0,0,0,0,0,0,35,35,299
153.16.30.168:30,LISP Reply,24.4.100.89,['24.4.100.89'],['1'],['100'],['Up'],0,0,0,0,0,68,0,68,299
153.16.30.16:28,Negative Reply,193.162.145.50,[''],[''],[''],[''],0,0,0,0,0,0,42,42,299
153.16.30.172:30,Negative Reply,193.162.145.50,[''],[''],[''],[''],0,0,0,0,0,0,55,55,299
153.16.30.176:28,Negative Reply,193.162.145.50,[''],[''],[''],[''],0,0,0,0,0,0,31,31,299
153.16.30.192:28,Negative Reply,193.162.145.50,[''],[''],[''],[''],0,0,0,0,0,0,28,28,299
153.16.30.208:28,Negative Reply,193.162.145.50,[''],[''],[''],[''],0,0,0,0,0,0,27,27,299
153.16.30.224:28,Negative Reply,193.162.145.50,[''],[''],[''],[''],0,0,0,0,0,0,27,27,299
153.16.30.240:28,Negative Reply,193.162.145.50,[''],[''],[''],[''],0,0,0,0,0,0,31,31,299
153.16.30.32:28,Negative Reply,193.162.145.50,[''],[''],[''],[''],0,0,0,0,0,0,45,45,299
153.16.30.48:28,Negative Reply,193.162.145.50,[''],[''],[''],[''],0,0,0,0,0,0,47,47,299
153.16.30.64:28,Negative Reply,193.162.145.50,[''],[''],[''],[''],0,0,0,0,0,0,49,49,299
153.16.30.80:28,Negative Reply,193.162.145.50,[''],[''],[''],[''],0,0,0,0,0,0,38,38,299
153.16.30.96:28,LISP Reply,173.8.103.241,['173.8.103.241'],['1'],['100'],['Up'],2,0,0,2,0,105,1,106,299
153.16.31.0:28,Negative Reply,193.162.145.50,[''],[''],[''],[''],0,0,0,0,0,0,57,57,299
153.16.31.112:28,Negative Reply,193.162.145.50,[''],[''],[''],[''],0,0,0,0,0,0,11,11,299
153.16.31.128:28,Negative Reply,193.162.145.50,[''],[''],[''],[''],0,0,0,0,0,0,17,17,299
153.16.31.144:28,Negative Reply,193.162.145.50,[''],[''],[''],[''],0,0,0,0,0,0,14,14,299
153.16.31.160:28,Negative Reply,193.162.145.50,[''],[''],[''],[''],0,0,0,0,0,0,8,8,299
153.16.31.16:28,Negative Reply,193.162.145.50,[''],[''],[''],[''],0,0,0,0,0,0,21,21,299
153.16.31.176:28,Negative Reply,193.162.145.50,[''],[''],[''],[''],0,0,0,0,0,0,15,15,299
153.16.31.192:28,Negative Reply,193.162.145.50,[''],[''],[''],[''],0,0,0,0,0,0,10,10,299
153.16.31.208:28,Negative Reply,193.162.145.50,[''],[''],[''],[''],0,0,0,0,0,0,4,4,299
153.16.31.224:28,Negative Reply,193.162.145.50,[''],[''],[''],[''],0,0,0,0,0,0,11,11,299
153.16.31.240:28,Negative Reply,193.162.145.50,[''],[''],[''],[''],0,0,0,0,0,0,8,8,299
153.16.31.32:28,Negative Reply,193.162.145.50,[''],[''],[''],[''],0,0,0,0,0,0,16,16,299
153.16.31.48:28,Negative Reply,193.162.145.50,[''],[''],[''],[''],0,0,0,0,0,0,12,12,299
153.16.31.64:28,Negative Reply,193.162.145.50,[''],[''],[''],[''],0,0,0,0,0,0,14,14,299
153.16.31.80:28,Negative Reply,193.162.145.50,[''],[''],[''],[''],0,0,0,0,0,0,13,13,299
153.16.31.96:28,LISP Reply,68.44.224.35,['68.44.224.35'],['1'],['100'],['Up'],0,0,0,0,0,33,0,33,299
153.16.32.0:28,Negative Reply,193.162.145.50,[''],[''],[''],[''],0,0,0,0,0,0,17,17,299
153.16.32.176:28,Negative Reply,193.162.145.50,[''],[''],[''],[''],0,0,0,0,0,0,7,7,299
153.16.32.224:28,LISP Reply,192.162.230.13,"['192.162.230.13', '192.162.230.14']","['10', '10']","['50', '50']","['Up', 'Up']",0,0,0,3,0,7,0,7,299
153.16.32.96:28,LISP Reply,147.102.40.203,"['147.102.40.203', '147.102.224.6']","['10', '1']","['100', '100']","['Up', 'Up']",0,0,0,0,0,10,0,10,299
153.16.36.0:24,LISP Reply,192.162.230.13,"['192.162.230.13', '192.162.230.14']","['10', '10']","['50', '50']","['Up', 'Up']",0,0,0,1,0,2,0,2,299
153.16.38.0:25,LISP Reply,132.227.62.243,"['132.227.62.242', '132.227.62.243', '2001:660:3302:282c:240::242', '2001:660:3302:282c:240::243']","['3', '1', '4', '2']","['100', '100', '100', '100']","['Up', 'Up', 'Up', 'Up']",0,0,0,0,0,1,0,1,299
153.16.38.128:25,LISP Reply,132.227.62.242,"['132.227.62.242', '132.227.62.243', '2001:660:3302:282c:240::243', '2001:660:3302:282c:240::242']","['1', '3', '4', '2']","['100', '100', '100', '100']","['Up', 'Up', 'Up', 'Up']",0,0,0,0,0,1,0,1,299
153.16.4.0:24,Negative Reply,193.162.145.50,[''],[''],[''],[''],0,0,0,0,0,0,1,1,299
153.16.43.192:27,Negative Reply,193.162.145.50,[''],[''],[''],[''],0,0,0,0,0,0,1,1,299
153.16.43.224:28,Negative Reply,193.162.145.50,[''],[''],[''],[''],0,0,0,0,0,0,1,1,299
153.16.44.176:28,Negative Reply,193.162.145.50,[''],[''],[''],[''],0,0,0,0,0,0,1,1,299
153.16.44.240:28,Negative Reply,193.162.145.50,[''],[''],[''],[''],0,0,0,0,0,0,1,1,299
153.16.44.48:28,LISP Reply,91.220.108.97,['91.220.108.97'],['1'],['100'],['Up'],0,0,0,0,0,1,0,1,299
153.16.44.96:28,LISP Reply,80.218.233.133,['80.218.233.133'],['1'],['100'],['Up'],0,0,0,0,0,1,0,1,299
153.16.47.144:28,Negative Reply,193.162.145.50,[''],[''],[''],[''],0,0,0,0,0,0,1,1,299
153.16.47.160:27,LISP Reply,212.33.19.38,['212.33.19.38'],['1'],['100'],['Up'],0,0,0,0,0,1,0,1,299
153.16.5.0:24,LISP Reply,128.107.81.169,"['128.107.81.169', '128.107.81.170']","['1', '1']","['50', '50']","['Up', 'Up']",0,0,0,0,0,1,0,1,299
153.16.50.0:28,LISP Reply,89.123.122.244,"['89.123.122.244', '2a02:2f0e:17b:a100::1']","['1', '1']","['1', '1']","['Up', 'Up']",0,2,1,5,0,35,0,35,299
153.16.50.240:28,LISP Reply,92.50.113.214,['92.50.113.214'],['1'],['100'],['Up'],0,0,0,0,0,15,0,15,299
153.16.50.48:28,LISP Reply,195.8.198.78,"['195.8.198.77', '195.8.198.78', '2001:1620:2027:1c6::2:77', '2a01:2a8:a000:1c6::2:78']","['1', '1', '1', '1']","['50', '50', '50', '50']","['Up', 'Up', 'Up', 'Up']",0,0,0,13,0,28,0,28,299
153.16.53.160:28,LISP Reply,89.102.24.199,['89.102.24.199'],['1'],['1'],['Up'],0,0,0,0,0,9,0,9,299
153.16.54.160:28,LISP Reply,2.237.26.161,['2.237.26.161'],['1'],['1'],['Up'],0,0,0,0,0,3,0,3,299
153.16.54.96:28,Negative Reply,193.162.145.50,[''],[''],[''],[''],0,0,0,0,0,0,8,8,299
153.16.55.128:28,Negative Reply,193.162.145.50,[''],[''],[''],[''],0,0,0,0,0,0,5,5,299
153.16.55.160:28,Negative Reply,193.162.145.50,[''],[''],[''],[''],0,0,0,0,0,0,5,5,299
153.16.55.96:28,Negative Reply,193.162.145.50,[''],[''],[''],[''],0,0,0,0,0,0,6,6,299
153.16.56.0:28,LISP Reply,178.32.15.16,"['178.32.15.16', '2001:41d0:2:9fd5::101:1']","['100', '100']","['10', '10']","['Up', 'Up']",0,0,0,0,0,5,0,5,299
153.16.56.128:28,Negative Reply,193.162.145.50,[''],[''],[''],[''],0,0,0,0,0,0,5,5,299
153.16.56.160:28,Negative Reply,193.162.145.50,[''],[''],[''],[''],0,0,0,0,0,0,5,5,299
153.16.56.96:28,Negative Reply,193.162.145.50,[''],[''],[''],[''],0,0,0,0,0,0,5,5,299
153.16.57.144:28,Negative Reply,193.162.145.50,[''],[''],[''],[''],0,0,0,0,0,0,5,5,299
153.16.57.160:27,Negative Reply,193.162.145.50,[''],[''],[''],[''],0,0,0,0,0,0,5,5,299
153.16.57.16:28,LISP Reply,44.16.51.222,"['44.16.5.21', '44.16.51.245', '2a06:e881:140f::85']","['1', '1', '1']","['100', '100', '100']","['Up', 'Up', 'Up']",0,0,0,0,4,0,0,4,299
153.16.57.192:26,Negative Reply,193.162.145.50,[''],[''],[''],[''],0,0,0,0,0,0,5,5,299
153.16.57.32:28,LISP Reply,185.43.245.12,"['185.43.245.12', '2a05:4880:2:16:8a5a:92ff:fe15:b5f8']","['10', '10']","['50', '50']","['Up', 'Up']",0,0,0,0,0,1,0,1,299
153.16.57.80:28,Negative Reply,193.162.145.50,[''],[''],[''],[''],0,0,0,0,0,0,5,5,299
153.16.57.96:28,Negative Reply,193.162.145.50,[''],[''],[''],[''],0,0,0,0,0,0,5,5,299
153.16.58.0:23,Negative Reply,193.162.145.50,[''],[''],[''],[''],0,0,0,0,0,0,5,5,299
153.16.6.0:24,Negative Reply,193.162.145.50,[''],[''],[''],[''],0,0,0,0,0,0,1,1,299
153.16.60.0:23,Negative Reply,193.162.145.50,[''],[''],[''],[''],0,0,0,0,0,0,5,5,299
153.16.62.0:24,Negative Reply,193.162.145.50,[''],[''],[''],[''],0,0,0,0,0,0,5,5,299
153.16.63.0:31,Negative Reply,193.162.145.50,[''],[''],[''],[''],0,0,0,0,0,0,3,3,299
153.16.63.128:25,Negative Reply,193.162.145.50,[''],[''],[''],[''],0,0,0,0,0,0,5,5,299
153.16.63.16:28,Negative Reply,193.162.145.50,[''],[''],[''],[''],0,0,0,0,0,0,6,6,299
153.16.63.32:27,Negative Reply,193.162.145.50,[''],[''],[''],[''],0,0,0,0,0,0,5,5,299
153.16.63.3:32,Negative Reply,193.162.145.50,[''],[''],[''],[''],0,0,0,0,0,0,3,3,299
153.16.63.4:30,Negative Reply,193.162.145.50,[''],[''],[''],[''],0,0,0,0,0,0,4,4,299
153.16.63.64:26,Negative Reply,193.162.145.50,[''],[''],[''],[''],0,0,0,0,0,0,5,5,299
153.16.63.8:29,Negative Reply,193.162.145.50,[''],[''],[''],[''],0,0,0,0,0,0,5,5,299
153.16.64.0:24,LISP Reply,202.214.86.252,['202.214.86.252'],['10'],['100'],['Up'],0,0,0,0,0,5,0,5,299
153.16.66.0:28,Negative Reply,193.162.145.50,[''],[''],[''],[''],0,0,0,0,0,0,2,2,299
153.16.66.112:28,Negative Reply,193.162.145.50,[''],[''],[''],[''],0,0,0,0,0,0,2,2,299
153.16.66.128:28,Negative Reply,193.162.145.50,[''],[''],[''],[''],0,0,0,0,0,0,2,2,299
153.16.66.144:28,Negative Reply,193.162.145.50,[''],[''],[''],[''],0,0,0,0,0,0,1,1,299
153.16.66.160:28,Negative Reply,193.162.145.50,[''],[''],[''],[''],0,0,0,0,0,0,1,1,299
153.16.66.16:28,Negative Reply,193.162.145.50,[''],[''],[''],[''],0,0,0,0,0,0,1,1,299
153.16.66.176:28,Negative Reply,193.162.145.50,[''],[''],[''],[''],0,0,0,0,0,0,2,2,299
153.16.66.192:28,Negative Reply,193.162.145.50,[''],[''],[''],[''],0,0,0,0,0,0,2,2,299
153.16.66.208:28,Negative Reply,193.162.145.50,[''],[''],[''],[''],0,0,0,0,0,0,1,1,299
153.16.66.224:28,Negative Reply,193.162.145.50,[''],[''],[''],[''],0,0,0,0,0,0,1,1,299
153.16.66.240:28,Negative Reply,193.162.145.50,[''],[''],[''],[''],0,0,0,0,0,0,1,1,299
153.16.66.32:28,Negative Reply,193.162.145.50,[''],[''],[''],[''],0,0,0,0,0,0,1,1,299
153.16.66.48:28,Negative Reply,193.162.145.50,[''],[''],[''],[''],0,0,0,0,0,0,1,1,299
153.16.66.64:28,Negative Reply,202.51.247.10,[''],[''],[''],[''],0,0,0,0,0,0,0,3,299
153.16.66.80:28,LISP Reply,113.28.117.189,['113.28.117.189'],['1'],['1'],['Up'],0,0,0,0,0,3,0,3,299
153.16.67.0:24,LISP Reply,203.181.249.170,"['203.181.249.170', '2001:200:e000:17::170']","['1', '2']","['100', '100']","['Up', 'Up']",0,0,0,0,0,3,0,3,299
153.16.7.0:24,Negative Reply,193.162.145.50,[''],[''],[''],[''],0,0,0,0,0,0,141,141,299
153.16.70.0:28,LISP Reply,125.30.44.107,"['221.189.114.163', '2001:380:6fc::1']","['1', '1']","['50', '50']","['Up', 'Up']",0,0,0,0,159,0,0,159,299
153.16.70.112:28,Negative Reply,193.162.145.50,[''],[''],[''],[''],0,0,0,0,0,0,41,41,299
153.16.70.128:28,Negative Reply,193.162.145.50,[''],[''],[''],[''],0,0,0,0,0,0,151,151,299
153.16.70.144:28,Negative Reply,193.162.145.50,[''],[''],[''],[''],0,0,0,0,0,0,49,49,299
153.16.70.160:28,Negative Reply,193.162.145.50,[''],[''],[''],[''],0,0,0,0,0,0,50,50,299
153.16.70.16:28,Negative Reply,193.162.145.50,[''],[''],[''],[''],0,0,0,0,0,0,44,44,299
153.16.70.176:28,Negative Reply,193.162.145.50,[''],[''],[''],[''],0,0,0,0,0,0,58,58,299
153.16.70.192:28,Negative Reply,193.162.145.50,[''],[''],[''],[''],0,0,0,0,0,0,142,142,299
153.16.70.208:28,Negative Reply,193.162.145.50,[''],[''],[''],[''],0,0,0,0,0,0,53,53,299
153.16.70.224:28,Negative Reply,193.162.145.50,[''],[''],[''],[''],0,0,0,0,0,0,138,138,299
153.16.70.240:28,Negative Reply,193.162.145.50,[''],[''],[''],[''],0,0,0,0,0,0,42,42,299
153.16.70.32:28,Negative Reply,193.162.145.50,[''],[''],[''],[''],0,0,0,0,0,0,41,41,299
153.16.70.48:28,Negative Reply,193.162.145.50,[''],[''],[''],[''],0,0,0,0,0,0,38,38,299
153.16.70.64:27,Negative Reply,202.51.247.10,[''],[''],[''],[''],0,0,0,0,0,0,0,147,299
153.16.70.96:28,Negative Reply,193.162.145.50,[''],[''],[''],[''],0,0,0,0,0,0,49,49,299
153.16.71.0:28,Negative Reply,193.162.145.50,[''],[''],[''],[''],0,0,0,0,0,0,19,19,299
153.16.71.112:28,Negative Reply,193.162.145.50,[''],[''],[''],[''],0,0,0,0,0,0,81,81,299
153.16.71.128:25,Negative Reply,193.162.145.50,[''],[''],[''],[''],0,0,0,0,0,0,99,99,299
153.16.71.16:28,Negative Reply,193.162.145.50,[''],[''],[''],[''],0,0,0,0,0,0,123,123,299
153.16.71.32:28,Negative Reply,193.162.145.50,[''],[''],[''],[''],0,0,0,0,0,0,41,41,299
153.16.71.48:28,Negative Reply,193.162.145.50,[''],[''],[''],[''],0,0,0,0,0,0,32,32,299
153.16.71.64:28,Negative Reply,193.162.145.50,[''],[''],[''],[''],0,0,0,0,0,0,19,19,299
153.16.71.80:28,Negative Reply,193.162.145.50,[''],[''],[''],[''],0,0,0,0,0,0,32,32,299
153.16.71.96:28,Negative Reply,193.162.145.50,[''],[''],[''],[''],0,0,0,0,0,0,28,28,299
153.16.72.0:23,Negative Reply,193.162.145.50,[''],[''],[''],[''],0,0,0,0,0,0,71,71,299
153.16.72.0:25,Negative Reply,193.162.145.50,[''],[''],[''],[''],0,0,0,0,0,0,30,30,299
153.16.72.192:27,Negative Reply,193.162.145.50,[''],[''],[''],[''],0,0,0,0,0,0,1,1,299
153.16.74.0:24,LISP Reply,113.28.84.221,['113.28.84.221'],['1'],['100'],['Up'],0,0,0,0,0,92,0,92,299
153.16.75.0:24,Negative Reply,193.162.145.50,[''],[''],[''],[''],0,0,0,0,0,0,96,96,299
153.16.76.0:22,Negative Reply,193.162.145.50,[''],[''],[''],[''],0,0,0,0,0,0,95,95,299
153.16.8.0:24,Negative Reply,193.162.145.50,[''],[''],[''],[''],0,0,0,0,0,0,127,127,299
153.16.80.0:20,Negative Reply,193.162.145.50,[''],[''],[''],[''],0,0,0,0,0,0,181,181,299
153.16.9.0:28,Negative Reply,193.162.145.50,[''],[''],[''],[''],0,0,0,0,0,0,11,11,299
153.16.9.112:28,Negative Reply,193.162.145.50,[''],[''],[''],[''],0,0,0,0,0,0,28,28,299
153.16.9.128:25,Negative Reply,193.162.145.50,[''],[''],[''],[''],0,0,0,0,0,0,110,110,299
153.16.9.16:28,Negative Reply,193.162.145.50,[''],[''],[''],[''],0,0,0,0,0,0,23,23,299
153.16.9.32:28,Negative Reply,193.162.145.50,[''],[''],[''],[''],0,0,0,0,0,0,42,42,299
153.16.9.48:28,LISP Reply,44.16.51.188,"['44.16.5.23', '44.16.51.247', '2605:e000:2f8c:d140:206:f6ff:fe1e:ca14', '2a06:e881:140f::87']","['2', '1', '2', '1']","['100', '100', '100', '100']","['Up', 'Up', 'Up', 'Up']",4,0,1,4,85,0,6,91,299
153.16.9.64:28,Negative Reply,193.162.145.50,[''],[''],[''],[''],0,0,0,0,0,0,41,41,299
153.16.9.80:28,Negative Reply,193.162.145.50,[''],[''],[''],[''],0,0,0,0,0,0,40,40,299
153.16.9.96:28,Negative Reply,193.162.145.50,[''],[''],[''],[''],0,0,0,0,0,0,46,46,299
153.16.96.0:19,Negative Reply,193.162.145.50,[''],[''],[''],[''],0,0,0,0,0,0,169,169,299
153.17.0.0:16,Negative Reply,193.162.145.50,[''],[''],[''],[''],0,0,0,0,0,0,170,170,299
153.18.0.0:15,Negative Reply,193.162.145.50,[''],[''],[''],[''],0,0,0,0,0,0,182,182,299
153.20.0.0:14,Negative Reply,193.162.145.50,[''],[''],[''],[''],0,0,0,0,0,0,177,177,299
153.24.0.0:13,Negative Reply,193.162.145.50,[''],[''],[''],[''],0,0,0,0,0,0,176,176,299
153.32.0.0:11,Negative Reply,193.162.145.50,[''],[''],[''],[''],0,0,0,0,0,0,177,177,299
153.64.0.0:10,Negative Reply,193.162.145.50,[''],[''],[''],[''],0,0,0,0,0,0,178,178,299
154.0.0.0:7,Negative Reply,193.162.145.50,[''],[''],[''],[''],0,0,0,0,0,0,174,174,299
156.0.0.0:6,Negative Reply,193.162.145.50,[''],[''],[''],[''],0,0,0,0,0,0,172,172,299
160.0.0.0:3,Negative Reply,193.162.145.50,[''],[''],[''],[''],0,0,0,0,0,0,174,174,299
192.0.0.0:7,Negative Reply,193.162.145.50,[''],[''],[''],[''],0,0,0,0,0,0,179,179,299
194.0.0.0:9,Negative Reply,193.162.145.50,[''],[''],[''],[''],0,0,0,0,0,0,179,179,299
194.128.0.0:10,Negative Reply,193.162.145.50,[''],[''],[''],[''],0,0,0,0,0,0,177,177,299
194.192.0.0:11,Negative Reply,193.162.145.50,[''],[''],[''],[''],0,0,0,0,0,0,177,177,299
194.224.0.0:15,Negative Reply,193.162.145.50,[''],[''],[''],[''],0,0,0,0,0,0,177,177,299
194.226.0.0:17,Negative Reply,193.162.145.50,[''],[''],[''],[''],0,0,0,0,0,0,177,177,299
194.226.160.0:19,Negative Reply,193.162.145.50,[''],[''],[''],[''],0,0,0,0,0,0,171,171,299
194.226.192.0:18,Negative Reply,193.162.145.50,[''],[''],[''],[''],0,0,0,0,0,0,176,176,299
194.227.0.0:16,Negative Reply,193.162.145.50,[''],[''],[''],[''],0,0,0,0,0,0,174,174,299
194.228.0.0:14,Negative Reply,193.162.145.50,[''],[''],[''],[''],0,0,0,0,0,0,178,178,299
194.232.0.0:13,Negative Reply,193.162.145.50,[''],[''],[''],[''],0,0,0,0,0,0,177,177,299
194.240.0.0:12,Negative Reply,193.162.145.50,[''],[''],[''],[''],0,0,0,0,0,0,182,182,299
195.0.0.0:8,Negative Reply,193.162.145.50,[''],[''],[''],[''],0,0,0,0,0,0,185,185,299
196.0.0.0:7,Negative Reply,193.162.145.50,[''],[''],[''],[''],0,0,0,0,0,0,180,180,299
198.0.0.0:8,Negative Reply,193.162.145.50,[''],[''],[''],[''],0,0,0,0,0,0,175,175,299
199.0.0.0:10,Negative Reply,193.162.145.50,[''],[''],[''],[''],0,0,0,0,0,0,180,180,299
199.112.0.0:14,Negative Reply,193.162.145.50,[''],[''],[''],[''],0,0,0,0,0,0,171,171,299
199.116.0.0:15,Negative Reply,193.162.145.50,[''],[''],[''],[''],0,0,0,0,0,0,168,168,299
199.118.0.0:16,Negative Reply,193.162.145.50,[''],[''],[''],[''],0,0,0,0,0,0,174,174,299
199.119.0.0:18,Negative Reply,193.162.145.50,[''],[''],[''],[''],0,0,0,0,0,0,171,171,299
199.119.128.0:17,Negative Reply,193.162.145.50,[''],[''],[''],[''],0,0,0,0,0,0,176,176,299
199.119.80.0:20,Negative Reply,193.162.145.50,[''],[''],[''],[''],0,0,0,0,0,0,168,168,299
199.119.96.0:19,Negative Reply,193.162.145.50,[''],[''],[''],[''],0,0,0,0,0,0,168,168,299
199.120.0.0:13,Negative Reply,193.162.145.50,[''],[''],[''],[''],0,0,0,0,0,0,176,176,299
199.128.0.0:10,Negative Reply,193.162.145.50,[''],[''],[''],[''],0,0,0,0,0,0,175,175,299
199.192.0.0:12,Negative Reply,193.162.145.50,[''],[''],[''],[''],0,0,0,0,0,0,173,173,299
199.208.0.0:14,Negative Reply,193.162.145.50,[''],[''],[''],[''],0,0,0,0,0,0,168,168,299
199.212.0.0:18,Negative Reply,193.162.145.50,[''],[''],[''],[''],0,0,0,0,0,0,168,168,299
199.212.120.0:22,Negative Reply,193.162.145.50,[''],[''],[''],[''],0,0,0,0,0,0,165,165,299
199.212.126.0:23,Negative Reply,193.162.145.50,[''],[''],[''],[''],0,0,0,0,0,0,168,168,299
199.212.128.0:17,Negative Reply,193.162.145.50,[''],[''],[''],[''],0,0,0,0,0,0,171,171,299
199.212.64.0:19,Negative Reply,193.162.145.50,[''],[''],[''],[''],0,0,0,0,0,0,173,173,299
199.212.96.0:20,Negative Reply,193.162.145.50,[''],[''],[''],[''],0,0,0,0,0,0,170,170,299
199.213.0.0:16,Negative Reply,193.162.145.50,[''],[''],[''],[''],0,0,0,0,0,0,170,170,299
199.214.0.0:15,Negative Reply,193.162.145.50,[''],[''],[''],[''],0,0,0,0,0,0,174,174,299
199.216.0.0:13,Negative Reply,193.162.145.50,[''],[''],[''],[''],0,0,0,0,0,0,170,170,299
199.224.0.0:11,Negative Reply,193.162.145.50,[''],[''],[''],[''],0,0,0,0,0,0,176,176,299
199.64.0.0:11,Negative Reply,193.162.145.50,[''],[''],[''],[''],0,0,0,0,0,0,173,173,299
199.96.0.0:12,Negative Reply,193.162.145.50,[''],[''],[''],[''],0,0,0,0,0,0,174,174,299
200.0.0.0:6,Negative Reply,193.162.145.50,[''],[''],[''],[''],0,0,0,0,0,0,173,173,299
204.0.0.0:8,Negative Reply,193.162.145.50,[''],[''],[''],[''],0,0,0,0,0,0,167,167,299
205.0.0.0:9,Negative Reply,193.162.145.50,[''],[''],[''],[''],0,0,0,0,0,0,172,172,299
205.128.0.0:10,Negative Reply,193.162.145.50,[''],[''],[''],[''],0,0,0,0,0,0,169,169,299
205.192.0.0:13,Negative Reply,193.162.145.50,[''],[''],[''],[''],0,0,0,0,0,0,171,171,299
205.200.0.0:15,Negative Reply,193.162.145.50,[''],[''],[''],[''],0,0,0,0,0,0,162,162,299
205.202.0.0:16,Negative Reply,193.162.145.50,[''],[''],[''],[''],0,0,0,0,0,0,162,162,299
205.203.0.0:17,Negative Reply,193.162.145.50,[''],[''],[''],[''],0,0,0,0,0,0,169,169,299
205.203.128.0:18,Negative Reply,193.162.145.50,[''],[''],[''],[''],0,0,0,0,0,0,168,168,299
205.203.192.0:21,Negative Reply,193.162.145.50,[''],[''],[''],[''],0,0,0,0,0,0,164,164,299
205.203.201.0:24,LISP Reply,68.174.28.237,['68.174.28.237'],['1'],['1'],['Up'],0,0,0,0,0,159,0,159,299
205.203.202.0:24,LISP Reply,68.174.28.237,['68.174.28.237'],['1'],['1'],['Up'],0,0,0,0,0,153,0,153,299
205.203.203.0:24,Negative Reply,193.162.145.50,[''],[''],[''],[''],0,0,0,0,0,0,162,162,299
205.203.204.0:22,Negative Reply,193.162.145.50,[''],[''],[''],[''],0,0,0,0,0,0,163,163,299
205.203.208.0:20,Negative Reply,193.162.145.50,[''],[''],[''],[''],0,0,0,0,0,0,166,166,299
205.203.224.0:19,Negative Reply,193.162.145.50,[''],[''],[''],[''],0,0,0,0,0,0,166,166,299
205.204.0.0:14,Negative Reply,193.162.145.50,[''],[''],[''],[''],0,0,0,0,0,0,164,164,299
205.208.0.0:12,Negative Reply,193.162.145.50,[''],[''],[''],[''],0,0,0,0,0,0,166,166,299
205.224.0.0:11,Negative Reply,193.162.145.50,[''],[''],[''],[''],0,0,0,0,0,0,166,166,299
206.0.0.0:7,Negative Reply,193.162.145.50,[''],[''],[''],[''],0,0,0,0,0,0,170,170,299
208.0.0.0:5,Negative Reply,193.162.145.50,[''],[''],[''],[''],0,0,0,0,0,0,170,170,299
216.0.0.0:8,Negative Reply,193.162.145.50,[''],[''],[''],[''],0,0,0,0,0,0,168,168,299
217.0.0.0:12,Negative Reply,193.162.145.50,[''],[''],[''],[''],0,0,0,0,0,0,161,161,299
217.128.0.0:9,Negative Reply,193.162.145.50,[''],[''],[''],[''],0,0,0,0,0,0,48,48,299
217.16.0.0:13,Negative Reply,193.162.145.50,[''],[''],[''],[''],0,0,0,0,0,0,162,162,299
217.24.0.0:14,Negative Reply,193.162.145.50,[''],[''],[''],[''],0,0,0,0,0,0,162,162,299
217.28.0.0:15,Negative Reply,193.162.145.50,[''],[''],[''],[''],0,0,0,0,0,0,163,163,299
217.30.0.0:18,Negative Reply,193.162.145.50,[''],[''],[''],[''],0,0,0,0,0,0,159,159,299
217.30.128.0:17,Negative Reply,193.162.145.50,[''],[''],[''],[''],0,0,0,0,0,0,23,23,299
217.30.64.0:20,Negative Reply,193.162.145.50,[''],[''],[''],[''],0,0,0,0,0,0,162,162,299
217.30.80.0:21,Negative Reply,193.162.145.50,[''],[''],[''],[''],0,0,0,0,0,0,163,163,299
217.30.88.0:22,Negative Reply,193.162.145.50,[''],[''],[''],[''],0,0,0,0,0,0,157,157,299
217.30.92.0:24,Negative Reply,193.162.145.50,[''],[''],[''],[''],0,0,0,0,0,0,159,159,299
217.30.95.0:24,Negative Reply,193.162.145.50,[''],[''],[''],[''],0,0,0,0,0,0,11,11,299
217.30.96.0:19,Negative Reply,193.162.145.50,[''],[''],[''],[''],0,0,0,0,0,0,25,25,299
217.31.0.0:16,Negative Reply,193.162.145.50,[''],[''],[''],[''],0,0,0,0,0,0,25,25,299
217.32.0.0:11,Negative Reply,193.162.145.50,[''],[''],[''],[''],0,0,0,0,0,0,44,44,299
217.64.0.0:10,Negative Reply,193.162.145.50,[''],[''],[''],[''],0,0,0,0,0,0,43,43,299
218.0.0.0:7,Negative Reply,193.162.145.50,[''],[''],[''],[''],0,0,0,0,0,0,83,83,299
220.0.0.0:6,Negative Reply,193.162.145.50,[''],[''],[''],[''],0,0,0,0,0,0,47,47,299
224.0.0.0:3,Negative Reply,193.162.145.50,[''],[''],[''],[''],0,0,0,0,0,0,79,79,299
32.0.0.0:6,Negative Reply,193.162.145.50,[''],[''],[''],[''],0,0,0,0,0,0,177,177,299
36.0.0.0:8,Negative Reply,193.162.145.50,[''],[''],[''],[''],0,0,0,0,0,0,178,178,299
37.0.0.0:10,Negative Reply,193.162.145.50,[''],[''],[''],[''],0,0,0,0,0,0,176,176,299
37.128.0.0:9,Negative Reply,193.162.145.50,[''],[''],[''],[''],0,0,0,0,0,0,173,173,299
37.64.0.0:13,Negative Reply,193.162.145.50,[''],[''],[''],[''],0,0,0,0,0,0,175,175,299
37.72.0.0:14,Negative Reply,193.162.145.50,[''],[''],[''],[''],0,0,0,0,0,0,171,171,299
37.76.0.0:16,Negative Reply,193.162.145.50,[''],[''],[''],[''],0,0,0,0,0,0,171,171,299
37.77.0.0:19,Negative Reply,193.162.145.50,[''],[''],[''],[''],0,0,0,0,0,0,172,172,299
37.77.128.0:17,Negative Reply,193.162.145.50,[''],[''],[''],[''],0,0,0,0,0,0,170,170,299
37.77.32.0:20,Negative Reply,193.162.145.50,[''],[''],[''],[''],0,0,0,0,0,0,172,172,299
37.77.48.0:21,Negative Reply,193.162.145.50,[''],[''],[''],[''],0,0,0,0,0,0,173,173,299
37.77.56.0:24,Negative Reply,193.162.145.50,[''],[''],[''],[''],0,0,0,0,0,0,126,126,299
37.77.56.0:27,Negative Reply,193.162.145.50,[''],[''],[''],[''],0,0,0,0,0,0,50,50,299
37.77.56.128:25,Negative Reply,193.162.145.50,[''],[''],[''],[''],0,0,0,0,0,0,47,47,299
37.77.56.32:31,Negative Reply,193.162.145.50,[],[],[],[],1,0,0,1,0,39,4,43,299
37.77.56.34:31,Negative Reply,193.162.145.50,[''],[''],[''],[''],0,0,0,0,0,0,46,46,299
37.77.56.36:30,Negative Reply,193.162.145.50,[''],[''],[''],[''],0,0,0,0,0,0,45,45,299
37.77.56.40:29,Negative Reply,193.162.145.50,[''],[''],[''],[''],0,0,0,0,0,0,46,46,299
37.77.56.48:28,Negative Reply,193.162.145.50,[''],[''],[''],[''],0,0,0,0,0,0,45,45,299
37.77.56.64:26,Negative Reply,193.162.145.50,[],[],[],[],1,0,0,1,0,41,4,45,299
37.77.57.0:27,Negative Reply,193.162.145.50,[''],[''],[''],[''],0,0,0,0,0,0,136,136,299
37.77.57.0:29,Negative Reply,193.162.145.50,[''],[''],[''],[''],0,0,0,0,0,0,41,41,299
37.77.57.128:25,Negative Reply,193.162.145.50,[''],[''],[''],[''],0,0,0,0,0,0,121,121,299
37.77.57.128:26,LISP Reply,176.74.253.154,['176.74.253.154'],['100'],['100'],['Up'],0,0,0,0,0,41,0,41,299
37.77.57.16:29,Negative Reply,193.162.145.50,[''],[''],[''],[''],0,0,0,0,0,0,41,41,299
37.77.57.192:30,Negative Reply,193.162.145.50,[''],[''],[''],[''],0,0,0,0,0,0,43,43,299
37.77.57.196:30,Negative Reply,193.162.145.50,[''],[''],[''],[''],0,0,0,0,0,0,43,43,299
37.77.57.200:29,Negative Reply,193.162.145.50,[''],[''],[''],[''],0,0,0,0,0,0,43,43,299
37.77.57.208:29,Negative Reply,193.162.145.50,[''],[''],[''],[''],0,0,0,0,0,0,43,43,299
37.77.57.216:29,Negative Reply,193.162.145.50,[''],[''],[''],[''],0,0,0,0,0,0,43,43,299
37.77.57.224:27,Negative Reply,193.162.145.50,[''],[''],[''],[''],0,0,0,0,0,0,41,41,299
37.77.57.24:29,Negative Reply,193.162.145.50,[''],[''],[''],[''],0,0,0,0,0,0,43,43,299
37.77.57.32:29,Negative Reply,193.162.145.50,[],[],[],[],3,0,0,3,0,63,113,176,299
37.77.57.40:29,Negative Reply,193.162.145.50,[''],[''],[''],[''],0,0,0,0,0,0,179,179,299
37.77.57.48:28,Negative Reply,193.162.145.50,[''],[''],[''],[''],0,0,0,0,0,0,130,130,299
37.77.57.48:29,Negative Reply,193.162.145.50,[''],[''],[''],[''],0,0,0,0,0,0,43,43,299
37.77.57.56:30,Negative Reply,193.162.145.50,[''],[''],[''],[''],0,0,0,0,0,0,44,44,299
37.77.57.60:30,Negative Reply,193.162.145.50,[''],[''],[''],[''],0,0,0,0,0,0,41,41,299
37.77.57.64:26,Negative Reply,193.162.145.50,[],[],[],[],1,0,0,1,0,43,130,173,299
37.77.57.8:29,Negative Reply,193.162.145.50,[''],[''],[''],[''],0,0,0,0,0,0,41,41,299
37.77.58.0:26,LISP Reply,95.96.53.169,['95.96.53.169'],['1'],['100'],['Up'],0,0,0,0,0,159,0,159,299
37.77.58.104:29,Negative Reply,193.162.145.50,[''],[''],[''],[''],0,0,0,0,0,0,43,43,299
37.77.58.112:28,Negative Reply,193.162.145.50,[''],[''],[''],[''],0,0,0,0,0,0,43,43,299
37.77.58.128:27,Negative Reply,193.162.145.50,[''],[''],[''],[''],0,0,0,0,0,0,176,176,299
37.77.58.160:27,Negative Reply,193.162.145.50,[''],[''],[''],[''],0,0,0,0,0,0,133,133,299
37.77.58.160:28,Negative Reply,193.162.145.50,[''],[''],[''],[''],0,0,0,0,0,0,43,43,299
37.77.58.176:28,Negative Reply,193.162.145.50,[''],[''],[''],[''],0,0,0,0,0,0,43,43,299
37.77.58.192:26,Negative Reply,193.162.145.50,[''],[''],[''],[''],0,0,0,0,0,0,176,176,299
37.77.58.64:26,Negative Reply,193.162.145.50,[''],[''],[''],[''],0,0,0,0,0,0,130,130,299
37.77.58.64:29,Negative Reply,193.162.145.50,[''],[''],[''],[''],0,0,0,0,0,0,43,43,299
37.77.58.72:29,Negative Reply,193.162.145.50,[''],[''],[''],[''],0,0,0,0,0,0,43,43,299
37.77.58.80:28,Negative Reply,193.162.145.50,[''],[''],[''],[''],0,0,0,0,0,0,42,42,299
37.77.58.96:29,Negative Reply,193.162.145.50,[''],[''],[''],[''],0,0,0,0,0,0,43,43,299
37.77.59.0:24,Negative Reply,193.162.145.50,[''],[''],[''],[''],0,0,0,0,0,0,177,177,299
37.77.60.0:22,Negative Reply,193.162.145.50,[''],[''],[''],[''],0,0,0,0,0,0,174,174,299
37.77.64.0:18,Negative Reply,193.162.145.50,[''],[''],[''],[''],0,0,0,0,0,0,164,164,299
37.78.0.0:15,Negative Reply,193.162.145.50,[''],[''],[''],[''],0,0,0,0,0,0,170,170,299
37.80.0.0:12,Negative Reply,193.162.145.50,[''],[''],[''],[''],0,0,0,0,0,0,168,168,299
37.96.0.0:11,Negative Reply,193.162.145.50,[''],[''],[''],[''],0,0,0,0,0,0,170,170,299
38.0.0.0:10,Negative Reply,193.162.145.50,[''],[''],[''],[''],0,0,0,0,0,0,171,171,299
38.112.0.0:13,Negative Reply,193.162.145.50,[''],[''],[''],[''],0,0,0,0,0,0,170,170,299
38.120.0.0:14,Negative Reply,193.162.145.50,[''],[''],[''],[''],0,0,0,0,0,0,170,170,299
38.124.0.0:16,Negative Reply,193.162.145.50,[''],[''],[''],[''],0,0,0,0,0,0,169,169,299
38.125.0.0:22,Negative Reply,193.162.145.50,[''],[''],[''],[''],0,0,0,0,0,0,175,175,299
38.125.128.0:17,Negative Reply,193.162.145.50,[''],[''],[''],[''],0,0,0,0,0,0,171,171,299
38.125.16.0:20,Negative Reply,193.162.145.50,[''],[''],[''],[''],0,0,0,0,0,0,172,172,299
38.125.32.0:19,Negative Reply,193.162.145.50,[''],[''],[''],[''],0,0,0,0,0,0,165,165,299
38.125.4.0:24,Negative Reply,193.162.145.50,[''],[''],[''],[''],0,0,0,0,0,0,172,172,299
38.125.5.0:24,Negative Reply,199.119.73.6,[],[],[],[],82,0,0,0,89,0,0,172,299
38.125.6.0:23,Negative Reply,193.162.145.50,[''],[''],[''],[''],0,0,0,0,0,0,173,173,299
38.125.64.0:18,Negative Reply,193.162.145.50,[''],[''],[''],[''],0,0,0,0,0,0,168,168,299
38.125.8.0:21,Negative Reply,193.162.145.50,[''],[''],[''],[''],0,0,0,0,0,0,172,172,299
38.126.0.0:15,Negative Reply,193.162.145.50,[''],[''],[''],[''],0,0,0,0,0,0,173,173,299
38.128.0.0:9,Negative Reply,193.162.145.50,[''],[''],[''],[''],0,0,0,0,0,0,173,173,299
38.64.0.0:11,Negative Reply,193.162.145.50,[''],[''],[''],[''],0,0,0,0,0,0,172,172,299
38.96.0.0:12,Negative Reply,193.162.145.50,[''],[''],[''],[''],0,0,0,0,0,0,170,170,299
39.0.0.0:8,Negative Reply,193.162.145.50,[''],[''],[''],[''],0,0,0,0,0,0,176,176,299
40.0.0.0:5,Negative Reply,193.162.145.50,[''],[''],[''],[''],0,0,0,0,0,0,179,179,299
48.0.0.0:4,Negative Reply,193.162.145.50,[''],[''],[''],[''],0,0,0,0,0,0,180,180,299
64.0.0.0:4,Negative Reply,193.162.145.50,[''],[''],[''],[''],0,0,0,0,0,0,178,178,299
80.0.0.0:6,Negative Reply,193.162.145.50,[''],[''],[''],[''],0,0,0,0,0,0,171,171,299
84.0.0.0:8,Negative Reply,193.162.145.50,[''],[''],[''],[''],0,0,0,0,0,0,171,171,299
85.0.0.0:9,Negative Reply,193.162.145.50,[''],[''],[''],[''],0,0,0,0,0,0,171,171,299
85.128.0.0:11,Negative Reply,193.162.145.50,[''],[''],[''],[''],0,0,0,0,0,0,171,171,299
85.160.0.0:12,Negative Reply,193.162.145.50,[''],[''],[''],[''],0,0,0,0,0,0,174,174,299
85.176.0.0:13,Negative Reply,193.162.145.50,[''],[''],[''],[''],0,0,0,0,0,0,173,173,299
85.184.0.0:23,Negative Reply,193.162.145.50,[''],[''],[''],[''],0,0,0,0,0,0,174,174,299
85.184.128.0:19,Negative Reply,193.162.145.50,[''],[''],[''],[''],0,0,0,0,0,0,172,172,299
85.184.16.0:20,Negative Reply,193.162.145.50,[''],[''],[''],[''],0,0,0,0,0,0,173,173,299
85.184.160.0:20,Negative Reply,193.162.145.50,[''],[''],[''],[''],0,0,0,0,0,0,172,172,299
85.184.176.0:21,Negative Reply,193.162.145.50,[''],[''],[''],[''],0,0,0,0,0,0,167,167,299
85.184.185.0:24,Negative Reply,193.162.145.50,[''],[''],[''],[''],0,0,0,0,0,0,26,26,299
85.184.186.0:23,Negative Reply,193.162.145.50,[''],[''],[''],[''],0,0,0,0,0,0,29,29,299
85.184.188.0:22,Negative Reply,193.162.145.50,[''],[''],[''],[''],0,0,0,0,0,0,28,28,299
85.184.192.0:18,Negative Reply,193.162.145.50,[''],[''],[''],[''],0,0,0,0,0,0,31,31,299
85.184.2.0:24,Negative Reply,193.162.145.50,[''],[''],[''],[''],0,0,0,0,0,0,174,174,299
85.184.3.0:26,Negative Reply,193.162.145.50,[''],[''],[''],[''],0,0,0,0,0,0,54,54,299
85.184.3.0:27,Negative Reply,193.162.145.50,[''],[''],[''],[''],0,0,0,0,0,0,132,132,299
85.184.3.128:25,Negative Reply,193.162.145.50,[''],[''],[''],[''],0,0,0,0,0,0,174,174,299
85.184.3.64:26,Negative Reply,193.162.145.50,[''],[''],[''],[''],0,0,0,0,0,0,174,174,299
85.184.32.0:19,Negative Reply,193.162.145.50,[''],[''],[''],[''],0,0,0,0,0,0,166,166,299
85.184.4.0:22,Negative Reply,193.162.145.50,[''],[''],[''],[''],0,0,0,0,0,0,173,173,299
85.184.64.0:23,Negative Reply,193.162.145.50,[''],[''],[''],[''],0,0,0,0,0,0,173,173,299
85.184.66.0:23,Negative Reply,193.162.145.50,[''],[''],[''],[''],0,0,0,0,0,0,172,172,299
85.184.68.0:22,Negative Reply,193.162.145.50,[''],[''],[''],[''],0,0,0,0,0,0,172,172,299
85.184.72.0:21,Negative Reply,193.162.145.50,[''],[''],[''],[''],0,0,0,0,0,0,169,169,299
85.184.8.0:21,Negative Reply,193.162.145.50,[''],[''],[''],[''],0,0,0,0,0,0,170,170,299
85.184.80.0:20,Negative Reply,193.162.145.50,[''],[''],[''],[''],0,0,0,0,0,0,172,172,299
85.184.96.0:19,Negative Reply,193.162.145.50,[''],[''],[''],[''],0,0,0,0,0,0,173,173,299
85.185.0.0:16,Negative Reply,193.162.145.50,[''],[''],[''],[''],0,0,0,0,0,0,31,31,299
85.186.0.0:15,Negative Reply,193.162.145.50,[''],[''],[''],[''],0,0,0,0,0,0,40,40,299
85.188.0.0:14,Negative Reply,193.162.145.50,[''],[''],[''],[''],0,0,0,0,0,0,38,38,299
85.192.0.0:10,Negative Reply,193.162.145.50,[''],[''],[''],[''],0,0,0,0,0,0,43,43,299
86.0.0.0:7,Negative Reply,193.162.145.50,[''],[''],[''],[''],0,0,0,0,0,0,71,71,299
88.0.0.0:5,Negative Reply,193.162.145.50,[''],[''],[''],[''],0,0,0,0,0,0,71,71,299
96.0.0.0:3,Negative Reply,193.162.145.50,[''],[''],[''],[''],0,0,0,0,0,0,76,76,299
